Workbook
Name PlatformNames: PlatformList[Platforms]
Name ProductList: ProductTable[Product Name]
Name VariantList: ProductTable[Variant/Color]

Sheet Dashboard
A1: 📊 Business Dashboard — Auto-updates when you add orders
A2: Last updated: 19 April 2026 | Currency: IDR
A4: 💰 Total Revenue | F4: 💸 Total Costs | K4: ✅ Net Profit
A6: =SUMIF('Orders Log'!C5:C9999,"<>"&"",'Orders Log'!G5:G9999) -> 0 | F6: =SUMIF('Orders Log'!C5:C9999,"<>"&"",'Orders Log'!I5:I9999)+SUMIF('Orders Log'!C5:C9999,"<>"&"",'Orders Log'!J5:J9999)+SUMIF('Orders Log'!C5:C9999,"<>"&"",'Orders Log'!K5:K9999) -> 0 | K6: =SUMIF('Orders Log'!C5:C9999,"<>"&"",'Orders Log'!M5:M9999) -> 0
A10: 📦 Total Orders | F10: 🛍 Tokopedia Orders | K10: 🛒 Shopee Orders
A12: =COUNTA('Orders Log'!B5:B9999) -> 0 | F12: =COUNTIF('Orders Log'!C5:C9999,"Tokopedia") -> 0 | K12: =COUNTIF('Orders Log'!C5:C9999,"Shopee") -> 0
A18: 🏆 Top Products by Revenue (Whole Year)
A19: Products | B19: Revenue Per Item | C19: Items Sold | D19: Net Profit Per Item
A20: Grand Total
A30: 📊 Platform Summary (Whole Year)
A31: Platforms | B31: Revenue | C31: Production Cost (IDR) | D31: Platform Fee | E31: Net Profit (IDR) | F31: Items Sold | G31: Number of Orders
A32: Grand Total
A36: Month(s) | B36: Total Revenue (IDR) | C36: Production Cost (IDR) | D36: Platform Fees (IDR) | E36: Other Costs (IDR) | F36: Net Profit (IDR) | G36: Total Qty Sold
A37: Grand Total

Sheet Orders Log
A1: 🛒 Orders Log — Enter new orders below. Costs & profits calculate automatically.
A2: Blue = fill in manually | Black = auto-calculated | Do NOT edit formula columns
A3: ORDER INFO | E3: PRODUCT | G3: REVENUE | I3: COSTS | L3: PROFIT
A4: No | B4: Date | C4: Platform | D4: Resi / Order ID | E4: Product Name | F4: Variant | G4: Revenue (IDR) | H4: Qty | I4: Production Cost | J4: Platform Fee (IDR) | K4: Other Costs | L4: Gross Profit | M4: Net Profit | N4: Status
A5: =ROW()-4 -> 1 | I5: =IFERROR(VLOOKUP(E5&F5,'Products & Costs'!$A$4:$C$21,3,FALSE()),IFERROR(VLOOKUP(E5,'Products & Costs'!$A$4:$C$21,3,FALSE()),0)) -> 0 | J5: =IFERROR(VLOOKUP(C5,'Products & Costs'!$F$4:$G$7,2,FALSE)*G5,0) -> 0 | L5: =IFERROR(G5-(I5*H5),0) -> 0 | M5: =IFERROR(L5-J5-IF(K5="",0,K5),0) -> 0 | N5: =IF(M5>0,"✅ Profit",IF(M5<0,"❌ Loss","—")) -> —
A6: =ROW()-4 -> 2 | I6: =IFERROR(VLOOKUP(E6&F6,'Products & Costs'!$A$4:$C$21,3,FALSE()),IFERROR(VLOOKUP(E6,'Products & Costs'!$A$4:$C$21,3,FALSE()),0)) -> 0 | J6: =IFERROR(VLOOKUP(C6,'Products & Costs'!$F$4:$G$7,2,FALSE)*G6,0) -> 0 | L6: =IFERROR(G6-(I6*H6),0) -> 0 | M6: =IFERROR(L6-J6-IF(K6="",0,K6),0) -> 0 | N6: =IF(M6>0,"✅ Profit",IF(M6<0,"❌ Loss","—")) -> —
A7: =ROW()-4 -> 3 | I7: =IFERROR(VLOOKUP(E7&F7,'Products & Costs'!$A$4:$C$21,3,FALSE()),IFERROR(VLOOKUP(E7,'Products & Costs'!$A$4:$C$21,3,FALSE()),0)) -> 0 | J7: =IFERROR(VLOOKUP(C7,'Products & Costs'!$F$4:$G$7,2,FALSE)*G7,0) -> 0 | L7: =IFERROR(G7-(I7*H7),0) -> 0 | M7: =IFERROR(L7-J7-IF(K7="",0,K7),0) -> 0 | N7: =IF(M7>0,"✅ Profit",IF(M7<0,"❌ Loss","—")) -> —
A8: =ROW()-4 -> 4 | I8: =IFERROR(VLOOKUP(E8&F8,'Products & Costs'!$A$4:$C$21,3,FALSE()),IFERROR(VLOOKUP(E8,'Products & Costs'!$A$4:$C$21,3,FALSE()),0)) -> 0 | J8: =IFERROR(VLOOKUP(C8,'Products & Costs'!$F$4:$G$7,2,FALSE)*G8,0) -> 0 | L8: =IFERROR(G8-(I8*H8),0) -> 0 | M8: =IFERROR(L8-J8-IF(K8="",0,K8),0) -> 0 | N8: =IF(M8>0,"✅ Profit",IF(M8<0,"❌ Loss","—")) -> —
A9: =ROW()-4 -> 5 | I9: =IFERROR(VLOOKUP(E9&F9,'Products & Costs'!$A$4:$C$21,3,FALSE()),IFERROR(VLOOKUP(E9,'Products & Costs'!$A$4:$C$21,3,FALSE()),0)) -> 0 | J9: =IFERROR(VLOOKUP(C9,'Products & Costs'!$F$4:$G$7,2,FALSE)*G9,0) -> 0 | L9: =IFERROR(G9-(I9*H9),0) -> 0 | M9: =IFERROR(L9-J9-IF(K9="",0,K9),0) -> 0 | N9: =IF(M9>0,"✅ Profit",IF(M9<0,"❌ Loss","—")) -> —
A10: =ROW()-4 -> 6 | I10: =IFERROR(VLOOKUP(E10&F10,'Products & Costs'!$A$4:$C$21,3,FALSE()),IFERROR(VLOOKUP(E10,'Products & Costs'!$A$4:$C$21,3,FALSE()),0)) -> 0 | J10: =IFERROR(VLOOKUP(C10,'Products & Costs'!$F$4:$G$7,2,FALSE)*G10,0) -> 0 | L10: =IFERROR(G10-(I10*H10),0) -> 0 | M10: =IFERROR(L10-J10-IF(K10="",0,K10),0) -> 0 | N10: =IF(M10>0,"✅ Profit",IF(M10<0,"❌ Loss","—")) -> —
A11: =ROW()-4 -> 7 | I11: =IFERROR(VLOOKUP(E11&F11,'Products & Costs'!$A$4:$C$21,3,FALSE()),IFERROR(VLOOKUP(E11,'Products & Costs'!$A$4:$C$21,3,FALSE()),0)) -> 0 | J11: =IFERROR(VLOOKUP(C11,'Products & Costs'!$F$4:$G$7,2,FALSE)*G11,0) -> 0 | L11: =IFERROR(G11-(I11*H11),0) -> 0 | M11: =IFERROR(L11-J11-IF(K11="",0,K11),0) -> 0 | N11: =IF(M11>0,"✅ Profit",IF(M11<0,"❌ Loss","—")) -> — | Q11: COLOR LEGEND:
A12: =ROW()-4 -> 8 | I12: =IFERROR(VLOOKUP(E12&F12,'Products & Costs'!$A$4:$C$21,3,FALSE()),IFERROR(VLOOKUP(E12,'Products & Costs'!$A$4:$C$21,3,FALSE()),0)) -> 0 | J12: =IFERROR(VLOOKUP(C12,'Products & Costs'!$F$4:$G$7,2,FALSE)*G12,0) -> 0 | L12: =IFERROR(G12-(I12*H12),0) -> 0 | M12: =IFERROR(L12-J12-IF(K12="",0,K12),0) -> 0 | N12: =IF(M12>0,"✅ Profit",IF(M12<0,"❌ Loss","—")) -> — | Q12: Blue text = Input cells (edit freely)
A13: =ROW()-4 -> 9 | I13: =IFERROR(VLOOKUP(E13&F13,'Products & Costs'!$A$4:$C$21,3,FALSE()),IFERROR(VLOOKUP(E13,'Products & Costs'!$A$4:$C$21,3,FALSE()),0)) -> 0 | J13: =IFERROR(VLOOKUP(C13,'Products & Costs'!$F$4:$G$7,2,FALSE)*G13,0) -> 0 | L13: =IFERROR(G13-(I13*H13),0) -> 0 | M13: =IFERROR(L13-J13-IF(K13="",0,K13),0) -> 0 | N13: =IF(M13>0,"✅ Profit",IF(M13<0,"❌ Loss","—")) -> — | Q13: Black text = Formulas (do not edit)
A14: =ROW()-4 -> 10 | I14: =IFERROR(VLOOKUP(E14&F14,'Products & Costs'!$A$4:$C$21,3,FALSE()),IFERROR(VLOOKUP(E14,'Products & Costs'!$A$4:$C$21,3,FALSE()),0)) -> 0 | J14: =IFERROR(VLOOKUP(C14,'Products & Costs'!$F$4:$G$7,2,FALSE)*G14,0) -> 0 | L14: =IFERROR(G14-(I14*H14),0) -> 0 | M14: =IFERROR(L14-J14-IF(K14="",0,K14),0) -> 0 | N14: =IF(M14>0,"✅ Profit",IF(M14<0,"❌ Loss","—")) -> — | Q14: Green text = Links from other sheets
A15: =ROW()-4 -> 11 | I15: =IFERROR(VLOOKUP(E15&F15,'Products & Costs'!$A$4:$C$21,3,FALSE()),IFERROR(VLOOKUP(E15,'Products & Costs'!$A$4:$C$21,3,FALSE()),0)) -> 0 | J15: =IFERROR(VLOOKUP(C15,'Products & Costs'!$F$4:$G$7,2,FALSE)*G15,0) -> 0 | L15: =IFERROR(G15-(I15*H15),0) -> 0 | M15: =IFERROR(L15-J15-IF(K15="",0,K15),0) -> 0 | N15: =IF(M15>0,"✅ Profit",IF(M15<0,"❌ Loss","—")) -> —
A16: =ROW()-4 -> 12 | I16: =IFERROR(VLOOKUP(E16&F16,'Products & Costs'!$A$4:$C$21,3,FALSE()),IFERROR(VLOOKUP(E16,'Products & Costs'!$A$4:$C$21,3,FALSE()),0)) -> 0 | J16: =IFERROR(VLOOKUP(C16,'Products & Costs'!$F$4:$G$7,2,FALSE)*G16,0) -> 0 | L16: =IFERROR(G16-(I16*H16),0) -> 0 | M16: =IFERROR(L16-J16-IF(K16="",0,K16),0) -> 0 | N16: =IF(M16>0,"✅ Profit",IF(M16<0,"❌ Loss","—")) -> —
A17: =ROW()-4 -> 13 | I17: =IFERROR(VLOOKUP(E17&F17,'Products & Costs'!$A$4:$C$21,3,FALSE()),IFERROR(VLOOKUP(E17,'Products & Costs'!$A$4:$C$21,3,FALSE()),0)) -> 0 | J17: =IFERROR(VLOOKUP(C17,'Products & Costs'!$F$4:$G$7,2,FALSE)*G17,0) -> 0 | L17: =IFERROR(G17-(I17*H17),0) -> 0 | M17: =IFERROR(L17-J17-IF(K17="",0,K17),0) -> 0 | N17: =IF(M17>0,"✅ Profit",IF(M17<0,"❌ Loss","—")) -> —
A18: =ROW()-4 -> 14 | I18: =IFERROR(VLOOKUP(E18&F18,'Products & Costs'!$A$4:$C$21,3,FALSE()),IFERROR(VLOOKUP(E18,'Products & Costs'!$A$4:$C$21,3,FALSE()),0)) -> 0 | J18: =IFERROR(IF(C18="Tokopedia",IFERROR(VLOOKUP(E18,'Products & Costs'!$A$4:$E$21,4,FALSE()),0.05)*G18,IF(C18="Shopee",IFERROR(VLOOKUP(E18,'Products & Costs'!$A$4:$E$21,5,FALSE()),0.035)*G18,0)),0) -> 0 | L18: =IFERROR(G18-(I18*H18),0) -> 0 | M18: =IFERROR(L18-J18-IF(K18="",0,K18),0) -> 0 | N18: =IF(M18>0,"✅ Profit",IF(M18<0,"❌ Loss","—")) -> —
A19: =ROW()-4 -> 15 | I19: =IFERROR(VLOOKUP(E19&F19,'Products & Costs'!$A$4:$C$21,3,FALSE()),IFERROR(VLOOKUP(E19,'Products & Costs'!$A$4:$C$21,3,FALSE()),0)) -> 0 | J19: =IFERROR(IF(C19="Tokopedia",IFERROR(VLOOKUP(E19,'Products & Costs'!$A$4:$E$21,4,FALSE()),0.05)*G19,IF(C19="Shopee",IFERROR(VLOOKUP(E19,'Products & Costs'!$A$4:$E$21,5,FALSE()),0.035)*G19,0)),0) -> 0 | L19: =IFERROR(G19-(I19*H19),0) -> 0 | M19: =IFERROR(L19-J19-IF(K19="",0,K19),0) -> 0 | N19: =IF(M19>0,"✅ Profit",IF(M19<0,"❌ Loss","—")) -> —
A20: =ROW()-4 -> 16 | I20: =IFERROR(VLOOKUP(E20&F20,'Products & Costs'!$A$4:$C$21,3,FALSE()),IFERROR(VLOOKUP(E20,'Products & Costs'!$A$4:$C$21,3,FALSE()),0)) -> 0 | J20: =IFERROR(IF(C20="Tokopedia",IFERROR(VLOOKUP(E20,'Products & Costs'!$A$4:$E$21,4,FALSE()),0.05)*G20,IF(C20="Shopee",IFERROR(VLOOKUP(E20,'Products & Costs'!$A$4:$E$21,5,FALSE()),0.035)*G20,0)),0) -> 0 | L20: =IFERROR(G20-(I20*H20),0) -> 0 | M20: =IFERROR(L20-J20-IF(K20="",0,K20),0) -> 0 | N20: =IF(M20>0,"✅ Profit",IF(M20<0,"❌ Loss","—")) -> —
A21: =ROW()-4 -> 17 | I21: =IFERROR(VLOOKUP(E21&F21,'Products & Costs'!$A$4:$C$21,3,FALSE()),IFERROR(VLOOKUP(E21,'Products & Costs'!$A$4:$C$21,3,FALSE()),0)) -> 0 | J21: =IFERROR(IF(C21="Tokopedia",IFERROR(VLOOKUP(E21,'Products & Costs'!$A$4:$E$21,4,FALSE()),0.05)*G21,IF(C21="Shopee",IFERROR(VLOOKUP(E21,'Products & Costs'!$A$4:$E$21,5,FALSE()),0.035)*G21,0)),0) -> 0 | L21: =IFERROR(G21-(I21*H21),0) -> 0 | M21: =IFERROR(L21-J21-IF(K21="",0,K21),0) -> 0 | N21: =IF(M21>0,"✅ Profit",IF(M21<0,"❌ Loss","—")) -> —
A22: =ROW()-4 -> 18 | I22: =IFERROR(VLOOKUP(E22&F22,'Products & Costs'!$A$4:$C$21,3,FALSE()),IFERROR(VLOOKUP(E22,'Products & Costs'!$A$4:$C$21,3,FALSE()),0)) -> 0 | J22: =IFERROR(IF(C22="Tokopedia",IFERROR(VLOOKUP(E22,'Products & Costs'!$A$4:$E$21,4,FALSE()),0.05)*G22,IF(C22="Shopee",IFERROR(VLOOKUP(E22,'Products & Costs'!$A$4:$E$21,5,FALSE()),0.035)*G22,0)),0) -> 0 | L22: =IFERROR(G22-(I22*H22),0) -> 0 | M22: =IFERROR(L22-J22-IF(K22="",0,K22),0) -> 0 | N22: =IF(M22>0,"✅ Profit",IF(M22<0,"❌ Loss","—")) -> —
A23: =ROW()-4 -> 19 | I23: =IFERROR(VLOOKUP(E23&F23,'Products & Costs'!$A$4:$C$21,3,FALSE()),IFERROR(VLOOKUP(E23,'Products & Costs'!$A$4:$C$21,3,FALSE()),0)) -> 0 | J23: =IFERROR(IF(C23="Tokopedia",IFERROR(VLOOKUP(E23,'Products & Costs'!$A$4:$E$21,4,FALSE()),0.05)*G23,IF(C23="Shopee",IFERROR(VLOOKUP(E23,'Products & Costs'!$A$4:$E$21,5,FALSE()),0.035)*G23,0)),0) -> 0 | L23: =IFERROR(G23-(I23*H23),0) -> 0 | M23: =IFERROR(L23-J23-IF(K23="",0,K23),0) -> 0 | N23: =IF(M23>0,"✅ Profit",IF(M23<0,"❌ Loss","—")) -> —
A24: =ROW()-4 -> 20 | I24: =IFERROR(VLOOKUP(E24&F24,'Products & Costs'!$A$4:$C$21,3,FALSE()),IFERROR(VLOOKUP(E24,'Products & Costs'!$A$4:$C$21,3,FALSE()),0)) -> 0 | J24: =IFERROR(IF(C24="Tokopedia",IFERROR(VLOOKUP(E24,'Products & Costs'!$A$4:$E$21,4,FALSE()),0.05)*G24,IF(C24="Shopee",IFERROR(VLOOKUP(E24,'Products & Costs'!$A$4:$E$21,5,FALSE()),0.035)*G24,0)),0) -> 0 | L24: =IFERROR(G24-(I24*H24),0) -> 0 | M24: =IFERROR(L24-J24-IF(K24="",0,K24),0) -> 0 | N24: =IF(M24>0,"✅ Profit",IF(M24<0,"❌ Loss","—")) -> —
A25: =ROW()-4 -> 21 | I25: =IFERROR(VLOOKUP(E25&F25,'Products & Costs'!$A$4:$C$21,3,FALSE()),IFERROR(VLOOKUP(E25,'Products & Costs'!$A$4:$C$21,3,FALSE()),0)) -> 0 | J25: =IFERROR(IF(C25="Tokopedia",IFERROR(VLOOKUP(E25,'Products & Costs'!$A$4:$E$21,4,FALSE()),0.05)*G25,IF(C25="Shopee",IFERROR(VLOOKUP(E25,'Products & Costs'!$A$4:$E$21,5,FALSE()),0.035)*G25,0)),0) -> 0 | L25: =IFERROR(G25-(I25*H25),0) -> 0 | M25: =IFERROR(L25-J25-IF(K25="",0,K25),0) -> 0 | N25: =IF(M25>0,"✅ Profit",IF(M25<0,"❌ Loss","—")) -> —
A26: =ROW()-4 -> 22 | I26: =IFERROR(VLOOKUP(E26&F26,'Products & Costs'!$A$4:$C$21,3,FALSE()),IFERROR(VLOOKUP(E26,'Products & Costs'!$A$4:$C$21,3,FALSE()),0)) -> 0 | J26: =IFERROR(IF(C26="Tokopedia",IFERROR(VLOOKUP(E26,'Products & Costs'!$A$4:$E$21,4,FALSE()),0.05)*G26,IF(C26="Shopee",IFERROR(VLOOKUP(E26,'Products & Costs'!$A$4:$E$21,5,FALSE()),0.035)*G26,0)),0) -> 0 | L26: =IFERROR(G26-(I26*H26),0) -> 0 | M26: =IFERROR(L26-J26-IF(K26="",0,K26),0) -> 0 | N26: =IF(M26>0,"✅ Profit",IF(M26<0,"❌ Loss","—")) -> —
A27: =ROW()-4 -> 23 | I27: =IFERROR(VLOOKUP(E27&F27,'Products & Costs'!$A$4:$C$21,3,FALSE()),IFERROR(VLOOKUP(E27,'Products & Costs'!$A$4:$C$21,3,FALSE()),0)) -> 0 | J27: =IFERROR(IF(C27="Tokopedia",IFERROR(VLOOKUP(E27,'Products & Costs'!$A$4:$E$21,4,FALSE()),0.05)*G27,IF(C27="Shopee",IFERROR(VLOOKUP(E27,'Products & Costs'!$A$4:$E$21,5,FALSE()),0.035)*G27,0)),0) -> 0 | L27: =IFERROR(G27-(I27*H27),0) -> 0 | M27: =IFERROR(L27-J27-IF(K27="",0,K27),0) -> 0 | N27: =IF(M27>0,"✅ Profit",IF(M27<0,"❌ Loss","—")) -> —
A28: =ROW()-4 -> 24 | I28: =IFERROR(VLOOKUP(E28&F28,'Products & Costs'!$A$4:$C$21,3,FALSE()),IFERROR(VLOOKUP(E28,'Products & Costs'!$A$4:$C$21,3,FALSE()),0)) -> 0 | J28: =IFERROR(IF(C28="Tokopedia",IFERROR(VLOOKUP(E28,'Products & Costs'!$A$4:$E$21,4,FALSE()),0.05)*G28,IF(C28="Shopee",IFERROR(VLOOKUP(E28,'Products & Costs'!$A$4:$E$21,5,FALSE()),0.035)*G28,0)),0) -> 0 | L28: =IFERROR(G28-(I28*H28),0) -> 0 | M28: =IFERROR(L28-J28-IF(K28="",0,K28),0) -> 0 | N28: =IF(M28>0,"✅ Profit",IF(M28<0,"❌ Loss","—")) -> —
A29: =ROW()-4 -> 25 | I29: =IFERROR(VLOOKUP(E29&F29,'Products & Costs'!$A$4:$C$21,3,FALSE()),IFERROR(VLOOKUP(E29,'Products & Costs'!$A$4:$C$21,3,FALSE()),0)) -> 0 | J29: =IFERROR(IF(C29="Tokopedia",IFERROR(VLOOKUP(E29,'Products & Costs'!$A$4:$E$21,4,FALSE()),0.05)*G29,IF(C29="Shopee",IFERROR(VLOOKUP(E29,'Products & Costs'!$A$4:$E$21,5,FALSE()),0.035)*G29,0)),0) -> 0 | L29: =IFERROR(G29-(I29*H29),0) -> 0 | M29: =IFERROR(L29-J29-IF(K29="",0,K29),0) -> 0 | N29: =IF(M29>0,"✅ Profit",IF(M29<0,"❌ Loss","—")) -> —
... A99: =ROW()-4 -> 95 | I99: =IFERROR(VLOOKUP(E99&F99,'Products & Costs'!$A$4:$C$21,3,FALSE()),IFERROR(VLOOKUP(E99,'Products & Costs'!$A$4:$C$21,3,FALSE()),0)) -> 0 | J99: =IFERROR(IF(C99="Tokopedia",IFERROR(VLOOKUP(E99,'Products & Costs'!$A$4:$E$21,4,FALSE()),0.05)*G99,IF(C99="Shopee",IFERROR(VLOOKUP(E99,'Products & Costs'!$A$4:$E$21,5,FALSE()),0.035)*G99,0)),0) -> 0 | L99: =IFERROR(G99-(I99*H99),0) -> 0 | M99: =IFERROR(L99-J99-IF(K99="",0,K99),0) -> 0 | N99: =IF(M99>0,"✅ Profit",IF(M99<0,"❌ Loss","—")) -> —
A100: TOTALS | G100: =SUM(G5:G99) -> 0 | I100: =SUM(I5:I99) -> 0 | J100: =SUM(J5:J99) -> 0 | K100: =SUM(K5:K99) -> 0 | L100: =SUM(L5:L99) -> 0 | M100: =SUM(M5:M99) -> 0

Sheet Products & Costs
A1: 📦 Products & Costs Reference
A3: Product Name | B3: Variant/Color | C3: Production Cost (IDR) | D3: Notes | F3: Platforms | G3: Fee%
A4: Bangku Anak 01 | B4: Biru | C4: 19000 | D4: Kursi anak plastik | F4: Tokopedia | G4: 0
A5: Bangku Anak 01 | B5: Pink | C5: 19000 | D5: Kursi anak plastik | F5: Shopee | G5: 0
A6: Bangku Anak 01 | B6: Hijau | C6: 19000 | D6: Kursi anak plastik | F6: Tiktok | G6: 0
A7: Bangku Anak 01 | B7: Merah | C7: 19000 | D7: Kursi anak plastik | F7: Amazon | G7: 0
A8: Galon Mover | B8: - | C8: 16000 | D8: Alas galon beroda
A9: Table | B9: Low | C9: 20000 | D9: example | F9: To add new platforms, just duplicate rows into the platform table and enter the platform fees (if any)
A10: Chair | B10: High | C10: 13000 | D10: example
A11: Ball | B11: Small | C11: 1000 | D11: example
A12: Mirror | C12: 1500 | D12: example
A16: COLOR LEGEND:
A17: Blue text = Input cells (edit freely)
A18: Black text = Formulas (do not edit)
A19: Green text = Links from other sheets
A21: ENSURE PLATFORM FEES ARE ACCURATE
A22: To add new products, create new row and copy over all formulas to ensure that automation is applied.

Sheet How To Use
A1: 📖 How To Use This Tracker
A3: STEP 1 — Set up your products
A4: Go to the 'Products & Costs' sheet.
A5: Add your product names, variants, and production costs per unit (in IDR).
A6: Set the platform fee % for Tokopedia and Shopee. Default is 5% and 3.5%.
A8: STEP 2 — Log new orders
A9: Go to 'Orders Log' and fill in the BLUE columns only:
A10: • Date — the order date
A11: • Platform — Click on dropdown button and select 'Tokopedia' or 'Shopee' exactly
A12: • Resi / Order ID — from your platform
A13: • Product Name — Choose from Dropdown box
A14: • Variant — e.g. Biru, Pink, Hijau — Choose from dropdown box
... A40: Platform fee %: Tokopedia ~5%, Shopee ~3.5% (check your seller dashboard for exact rates).
